[
  {
    "value": "오늘",
    "synonyms": [
      "오늘",
      "지금",
      "나우",
      "투데이"
    ]
  },
  {
    "value": "내일",
    "synonyms": [
      "내일",
      "낼",
      "넬",
      "네일"
    ]
  },
  {
    "value": "모레",
    "synonyms": [
      "모레",
      "모래",
      "낼모래",
      "내일모래",
      "낼모레",
      "내일모레"
    ]
  },
  {
    "value": "글피",
    "synonyms": [
      "글피",
      "글피, 그글피",
      "그을피"
    ]
  }
]