[
  {
    "id": "9155118b-7c14-45a1-87eb-fea885fe5587",
    "data": [
      {
        "text": "엉",
        "userDefined": false
      }
    ],
    "isTemplate": false,
    "count": 0,
    "lang": "ko",
    "updated": 0
  },
  {
    "id": "a8f28a4c-52d5-4799-8de1-9aae16aa478e",
    "data": [
      {
        "text": "웅",
        "userDefined": false
      }
    ],
    "isTemplate": false,
    "count": 0,
    "lang": "ko",
    "updated": 0
  },
  {
    "id": "3abcd48b-7b3c-4475-a526-a4219de9aa55",
    "data": [
      {
        "text": "넷",
        "userDefined": false
      }
    ],
    "isTemplate": false,
    "count": 0,
    "lang": "ko",
    "updated": 0
  },
  {
    "id": "97a1b089-26b4-47bc-8c91-2c31d67c1fc4",
    "data": [
      {
        "text": "네엥",
        "userDefined": false
      }
    ],
    "isTemplate": false,
    "count": 0,
    "lang": "ko",
    "updated": 0
  },
  {
    "id": "12f18768-b156-4720-98ee-d31d6cba875f",
    "data": [
      {
        "text": "ㅇ",
        "userDefined": false
      }
    ],
    "isTemplate": false,
    "count": 0,
    "lang": "ko",
    "updated": 0
  },
  {
    "id": "81784a76-0b8e-4f1a-add1-b2e8d2f26070",
    "data": [
      {
        "text": "ㅇㅇ",
        "userDefined": false
      }
    ],
    "isTemplate": false,
    "count": 0,
    "lang": "ko",
    "updated": 0
  },
  {
    "id": "8c7eaf8f-5424-4448-90e8-38023a7bd4cf",
    "data": [
      {
        "text": "ㅇㅋ",
        "userDefined": false
      }
    ],
    "isTemplate": false,
    "count": 0,
    "lang": "ko",
    "updated": 0
  },
  {
    "id": "9e13222a-1751-49a5-816b-fa0d62f421f1",
    "data": [
      {
        "text": "넵",
        "userDefined": false
      }
    ],
    "isTemplate": false,
    "count": 0,
    "lang": "ko",
    "updated": 0
  },
  {
    "id": "92adbddd-31ce-4b8e-a066-31ace1b47d3a",
    "data": [
      {
        "text": "네",
        "userDefined": false
      }
    ],
    "isTemplate": false,
    "count": 0,
    "lang": "ko",
    "updated": 0
  },
  {
    "id": "7fdcbc9d-7840-4cfc-921e-d900c0808f6e",
    "data": [
      {
        "text": "알겠으",
        "userDefined": false
      }
    ],
    "isTemplate": false,
    "count": 0,
    "lang": "ko",
    "updated": 0
  },
  {
    "id": "b07d0289-c72f-483d-8844-db94e124f73c",
    "data": [
      {
        "text": "알겠뚀",
        "userDefined": false
      }
    ],
    "isTemplate": false,
    "count": 0,
    "lang": "ko",
    "updated": 0
  },
  {
    "id": "075f956a-e41d-48a1-b61b-f70f841b0017",
    "data": [
      {
        "text": "고마워",
        "userDefined": false
      }
    ],
    "isTemplate": false,
    "count": 0,
    "lang": "ko",
    "updated": 0
  },
  {
    "id": "90a70b31-cbab-491c-b327-5b78428868d1",
    "data": [
      {
        "text": "오냐",
        "userDefined": false
      }
    ],
    "isTemplate": false,
    "count": 1,
    "lang": "ko",
    "updated": 0
  },
  {
    "id": "a818bebf-250d-4f1b-85b9-f5b7b5637128",
    "data": [
      {
        "text": "땡큥",
        "userDefined": false
      }
    ],
    "isTemplate": false,
    "count": 0,
    "lang": "ko",
    "updated": 0
  },
  {
    "id": "cadf81b9-6b56-444d-b087-1f0ba529d901",
    "data": [
      {
        "text": "웅냐",
        "userDefined": false
      }
    ],
    "isTemplate": false,
    "count": 0,
    "lang": "ko",
    "updated": 0
  },
  {
    "id": "a735587d-31bb-4dc5-8508-fa2fdb562bce",
    "data": [
      {
        "text": "이응",
        "userDefined": false
      }
    ],
    "isTemplate": false,
    "count": 0,
    "lang": "ko",
    "updated": 0
  },
  {
    "id": "bd3eaa8b-c5fe-427b-be41-664fe1c75d79",
    "data": [
      {
        "text": "어",
        "userDefined": false
      }
    ],
    "isTemplate": false,
    "count": 0,
    "lang": "ko",
    "updated": 0
  },
  {
    "id": "a689f5b5-a88c-4954-86f6-60c5b1181196",
    "data": [
      {
        "text": "알",
        "userDefined": false
      },
      {
        "text": "겠어",
        "userDefined": false
      }
    ],
    "isTemplate": false,
    "count": 0,
    "lang": "ko",
    "updated": 0
  },
  {
    "id": "e61f3076-1fe1-46d9-a6ae-26f499d31316",
    "data": [
      {
        "text": "그래",
        "userDefined": false
      }
    ],
    "isTemplate": false,
    "count": 2,
    "lang": "ko",
    "updated": 0
  },
  {
    "id": "b7f9d601-c7ea-45c2-ac28-bc8126d81605",
    "data": [
      {
        "text": "옛썰",
        "userDefined": false
      }
    ],
    "isTemplate": false,
    "count": 0,
    "lang": "ko",
    "updated": 0
  },
  {
    "id": "74f49e2a-f19e-49f4-a3a3-4cba119574a0",
    "data": [
      {
        "text": "예",
        "userDefined": false
      }
    ],
    "isTemplate": false,
    "count": 0,
    "lang": "ko",
    "updated": 0
  },
  {
    "id": "9456c35f-9743-43d9-a7c0-a14125121c5a",
    "data": [
      {
        "text": "오키통키",
        "userDefined": false
      }
    ],
    "isTemplate": false,
    "count": 0,
    "lang": "ko",
    "updated": 0
  },
  {
    "id": "11d092f2-c6b6-407b-a69b-e2cb64f30217",
    "data": [
      {
        "text": "오키도키",
        "userDefined": false
      }
    ],
    "isTemplate": false,
    "count": 0,
    "lang": "ko",
    "updated": 0
  },
  {
    "id": "24f623e8-6123-42f9-a99d-e8e34f8533a5",
    "data": [
      {
        "text": "오키",
        "userDefined": false
      }
    ],
    "isTemplate": false,
    "count": 1,
    "lang": "ko",
    "updated": 0
  },
  {
    "id": "80308179-d7cf-4ad4-aa91-503a49bb32d4",
    "data": [
      {
        "text": "고생 많았으",
        "userDefined": false
      }
    ],
    "isTemplate": false,
    "count": 0,
    "lang": "ko",
    "updated": 0
  },
  {
    "id": "1d54952d-b0da-4e3e-ad06-c11e5264b903",
    "data": [
      {
        "text": "고마",
        "userDefined": false
      },
      {
        "text": "웡",
        "userDefined": false
      }
    ],
    "isTemplate": false,
    "count": 0,
    "lang": "ko",
    "updated": 0
  },
  {
    "id": "951e2c9b-9d88-4f7b-aaa2-aaf97e10d7b8",
    "data": [
      {
        "text": "좋아",
        "userDefined": false
      }
    ],
    "isTemplate": false,
    "count": 0,
    "lang": "ko",
    "updated": 0
  },
  {
    "id": "346c8196-c8d9-410f-8e78-b0d34c457c01",
    "data": [
      {
        "text": "그려",
        "userDefined": false
      }
    ],
    "isTemplate": false,
    "count": 0,
    "lang": "ko",
    "updated": 0
  },
  {
    "id": "61367450-2050-4a36-a296-c4cf8c7faa7b",
    "data": [
      {
        "text": "ㅅㄱ",
        "userDefined": false
      }
    ],
    "isTemplate": false,
    "count": 0,
    "lang": "ko",
    "updated": 0
  },
  {
    "id": "d42ed531-5826-4552-b8e0-1efdb4e032ff",
    "data": [
      {
        "text": "수고",
        "userDefined": false
      }
    ],
    "isTemplate": false,
    "count": 0,
    "lang": "ko",
    "updated": 0
  },
  {
    "id": "8c68428f-918d-4204-a10b-e82ed6c9e75f",
    "data": [
      {
        "text": "땡스",
        "userDefined": false
      }
    ],
    "isTemplate": false,
    "count": 0,
    "lang": "ko",
    "updated": 0
  },
  {
    "id": "61a66a4e-4a9d-46ca-984b-99082ed6f0ed",
    "data": [
      {
        "text": "ㄱㅅ",
        "userDefined": false
      }
    ],
    "isTemplate": false,
    "count": 0,
    "lang": "ko",
    "updated": 0
  },
  {
    "id": "cf24a318-2c0d-4ff6-8a75-ca0ea9e5f428",
    "data": [
      {
        "text": "ㄳ",
        "userDefined": false
      }
    ],
    "isTemplate": false,
    "count": 0,
    "lang": "ko",
    "updated": 0
  },
  {
    "id": "8c57f333-4b8e-4ad5-bda0-708727a2fc3b",
    "data": [
      {
        "text": "감사합니다",
        "userDefined": false
      }
    ],
    "isTemplate": false,
    "count": 0,
    "lang": "ko",
    "updated": 0
  },
  {
    "id": "fa07f6b8-1f62-4df0-9e02-c47007a09d1a",
    "data": [
      {
        "text": "땡큐",
        "userDefined": false
      }
    ],
    "isTemplate": false,
    "count": 0,
    "lang": "ko",
    "updated": 0
  },
  {
    "id": "e4ddb67a-4149-4e1b-8762-9488d65d73b1",
    "data": [
      {
        "text": "고마워!",
        "userDefined": false
      }
    ],
    "isTemplate": false,
    "count": 0,
    "lang": "ko",
    "updated": 0
  }
]