[
  {
    "id": "6e83f3e0-2d0a-40fd-ad69-dc595bc8c275",
    "data": [
      {
        "text": "눈 내려?",
        "userDefined": false
      }
    ],
    "isTemplate": false,
    "count": 0,
    "lang": "ko",
    "updated": 0
  },
  {
    "id": "ab0a1c1b-0c7a-4989-893d-8b7403aed930",
    "data": [
      {
        "text": "비",
        "userDefined": false
      },
      {
        "text": " 내려?",
        "userDefined": false
      }
    ],
    "isTemplate": false,
    "count": 0,
    "lang": "ko",
    "updated": 0
  },
  {
    "id": "da363738-05fe-4142-bfba-62ff35e4fab0",
    "data": [
      {
        "text": "눈 ",
        "userDefined": false
      },
      {
        "text": "오나",
        "userDefined": false
      },
      {
        "text": "?",
        "userDefined": false
      }
    ],
    "isTemplate": false,
    "count": 0,
    "lang": "ko",
    "updated": 0
  },
  {
    "id": "a27ea5e5-94c8-4525-a714-a9d794edd50d",
    "data": [
      {
        "text": "비 오나",
        "userDefined": false
      },
      {
        "text": "?",
        "userDefined": false
      }
    ],
    "isTemplate": false,
    "count": 0,
    "lang": "ko",
    "updated": 0
  },
  {
    "id": "ff871fd9-d04f-421a-b3c8-3407f9940ddf",
    "data": [
      {
        "text": "비",
        "userDefined": false
      },
      {
        "text": "는 와?",
        "userDefined": false
      }
    ],
    "isTemplate": false,
    "count": 0,
    "lang": "ko",
    "updated": 0
  },
  {
    "id": "21969bd8-beae-4ec9-83e3-1f6edc31e877",
    "data": [
      {
        "text": "눈와",
        "userDefined": false
      },
      {
        "text": "?",
        "userDefined": false
      }
    ],
    "isTemplate": false,
    "count": 0,
    "lang": "ko",
    "updated": 0
  },
  {
    "id": "222796fd-85b2-418b-8214-cb370e4c24a5",
    "data": [
      {
        "text": "눈",
        "userDefined": false
      },
      {
        "text": "은",
        "userDefined": false
      },
      {
        "text": "?",
        "userDefined": false
      }
    ],
    "isTemplate": false,
    "count": 0,
    "lang": "ko",
    "updated": 0
  },
  {
    "id": "c66cdf2b-de4e-4c76-a35d-2e28a2f5aba5",
    "data": [
      {
        "text": "비",
        "userDefined": false
      },
      {
        "text": "는?",
        "userDefined": false
      }
    ],
    "isTemplate": false,
    "count": 1,
    "lang": "ko",
    "updated": 0
  },
  {
    "id": "afde2ee3-9fa2-4e3e-af65-d95fb37dc383",
    "data": [
      {
        "text": "비와",
        "userDefined": false
      },
      {
        "text": "?",
        "userDefined": false
      }
    ],
    "isTemplate": false,
    "count": 0,
    "lang": "ko",
    "updated": 0
  }
]