[
  {
    "id": "506398aa-fd0e-46c4-8d5e-f18ab2da1194",
    "data": [
      {
        "text": "모레",
        "userDefined": false
      },
      {
        "text": " 미세먼지 농도",
        "userDefined": false
      }
    ],
    "isTemplate": false,
    "count": 0,
    "lang": "ko",
    "updated": 0
  },
  {
    "id": "ba08f55b-d384-4c99-98d6-3a970f0e8405",
    "data": [
      {
        "text": "모레",
        "userDefined": false
      },
      {
        "text": " 미세먼지 괜찮아?",
        "userDefined": false
      }
    ],
    "isTemplate": false,
    "count": 0,
    "lang": "ko",
    "updated": 0
  },
  {
    "id": "fa2a5d17-71cf-4847-a96b-996faea36584",
    "data": [
      {
        "text": "모레",
        "userDefined": false
      },
      {
        "text": " 미세먼지 농도 어때?",
        "userDefined": false
      }
    ],
    "isTemplate": false,
    "count": 0,
    "lang": "ko",
    "updated": 0
  },
  {
    "id": "609a6129-f32b-4aee-bb27-3e6485594481",
    "data": [
      {
        "text": "모레",
        "userDefined": false
      },
      {
        "text": " 미세먼지는?",
        "userDefined": false
      }
    ],
    "isTemplate": false,
    "count": 0,
    "lang": "ko",
    "updated": 0
  },
  {
    "id": "2d74339b-f14c-4afe-b191-8da569d8c2e4",
    "data": [
      {
        "text": "모레",
        "userDefined": false
      },
      {
        "text": " 미세먼지 농도 알려줘",
        "userDefined": false
      }
    ],
    "isTemplate": false,
    "count": 0,
    "lang": "ko",
    "updated": 0
  },
  {
    "id": "936215ea-1817-4893-b1e7-6a8399987bae",
    "data": [
      {
        "text": "모레",
        "userDefined": false
      },
      {
        "text": " 미세먼지 좀 알려줘",
        "userDefined": false
      }
    ],
    "isTemplate": false,
    "count": 0,
    "lang": "ko",
    "updated": 0
  },
  {
    "id": "b0b6709a-c216-46d2-8f06-4e9f2786210f",
    "data": [
      {
        "text": "모레",
        "userDefined": false
      },
      {
        "text": " 미세먼지는 어때?",
        "userDefined": false
      }
    ],
    "isTemplate": false,
    "count": 0,
    "lang": "ko",
    "updated": 0
  },
  {
    "id": "ed1d8972-677d-46f0-9baf-d6c1d390d5f3",
    "data": [
      {
        "text": "모레",
        "userDefined": false
      },
      {
        "text": " 미세먼지 알려줘",
        "userDefined": false
      }
    ],
    "isTemplate": false,
    "count": 0,
    "lang": "ko",
    "updated": 0
  },
  {
    "id": "782dc68b-ab44-40bd-b925-d7219eb4d0b6",
    "data": [
      {
        "text": "모레",
        "userDefined": false
      },
      {
        "text": " 미세먼지 심해?",
        "userDefined": false
      }
    ],
    "isTemplate": false,
    "count": 0,
    "lang": "ko",
    "updated": 0
  },
  {
    "id": "6e8ae70e-2b11-4b54-af0e-8f64f2e06c9d",
    "data": [
      {
        "text": "모레",
        "userDefined": false
      },
      {
        "text": " 미세먼지 어때?",
        "userDefined": false
      }
    ],
    "isTemplate": false,
    "count": 0,
    "lang": "ko",
    "updated": 0
  },
  {
    "id": "bc33ade2-8eeb-4b1b-a046-912453b67187",
    "data": [
      {
        "text": "모레",
        "userDefined": false
      },
      {
        "text": " 미세먼지",
        "userDefined": false
      }
    ],
    "isTemplate": false,
    "count": 1,
    "lang": "ko",
    "updated": 0
  }
]