[
  {
    "id": "bd67e065-c5e7-42b0-8d5f-8c6904ed405f",
    "data": [
      {
        "text": "모레",
        "userDefined": false
      },
      {
        "text": " 날씨 맑아?",
        "userDefined": false
      }
    ],
    "isTemplate": false,
    "count": 0,
    "lang": "ko",
    "updated": 0
  },
  {
    "id": "702b47f9-8a66-40cf-b346-910217201a23",
    "data": [
      {
        "text": "모레",
        "userDefined": false
      },
      {
        "text": " 날씨 말해줘",
        "userDefined": false
      }
    ],
    "isTemplate": false,
    "count": 0,
    "lang": "ko",
    "updated": 0
  },
  {
    "id": "4fbe5b04-028e-43d8-a31b-99e22660eb2b",
    "data": [
      {
        "text": "모레",
        "userDefined": false
      },
      {
        "text": " 날씨는 어때?",
        "userDefined": false
      }
    ],
    "isTemplate": false,
    "count": 1,
    "lang": "ko",
    "updated": 0
  },
  {
    "id": "92343d36-210b-4e97-b562-4acd5dcf411d",
    "data": [
      {
        "text": "모레",
        "userDefined": false
      },
      {
        "text": " 날씨",
        "userDefined": false
      },
      {
        "text": "도",
        "userDefined": false
      },
      {
        "text": " 알려줘",
        "userDefined": false
      }
    ],
    "isTemplate": false,
    "count": 0,
    "lang": "ko",
    "updated": 0
  },
  {
    "id": "6f83db5c-466d-466b-b181-5d52ea6d58b7",
    "data": [
      {
        "text": "모레",
        "userDefined": false
      },
      {
        "text": " 날씨 좀 알려줘",
        "userDefined": false
      }
    ],
    "isTemplate": false,
    "count": 0,
    "lang": "ko",
    "updated": 0
  },
  {
    "id": "dc3c2977-401d-450e-a8db-acb097aa1525",
    "data": [
      {
        "text": "모레",
        "userDefined": false
      },
      {
        "text": " 날씨 좀",
        "userDefined": false
      }
    ],
    "isTemplate": false,
    "count": 0,
    "lang": "ko",
    "updated": 0
  },
  {
    "id": "703b0747-01bb-46e7-9a9f-6df35fc4ec39",
    "data": [
      {
        "text": "모레",
        "userDefined": false
      },
      {
        "text": " 날씨 어때?",
        "userDefined": false
      }
    ],
    "isTemplate": false,
    "count": 0,
    "lang": "ko",
    "updated": 0
  },
  {
    "id": "84f76b05-674b-4f70-8b07-86275ac36b2c",
    "data": [
      {
        "text": "모레",
        "userDefined": false
      },
      {
        "text": " 날씨 알려줘",
        "userDefined": false
      }
    ],
    "isTemplate": false,
    "count": 0,
    "lang": "ko",
    "updated": 0
  },
  {
    "id": "1269344a-77ee-4b80-b3c5-3203cdf147b4",
    "data": [
      {
        "text": "모레",
        "userDefined": false
      },
      {
        "text": " 날씨",
        "userDefined": false
      }
    ],
    "isTemplate": false,
    "count": 1,
    "lang": "ko",
    "updated": 0
  },
  {
    "id": "2398f424-8ef1-4eb3-be4e-2a6f428a471f",
    "data": [
      {
        "text": "모레",
        "userDefined": false
      },
      {
        "text": " 날씨는?",
        "userDefined": false
      }
    ],
    "isTemplate": false,
    "count": 0,
    "lang": "ko",
    "updated": 0
  },
  {
    "id": "b4fb5b53-28e1-45ad-8b94-c3965486e8b5",
    "data": [
      {
        "text": "모레",
        "userDefined": false
      },
      {
        "text": "날씨",
        "userDefined": false
      }
    ],
    "isTemplate": false,
    "count": 0,
    "lang": "ko",
    "updated": 0
  }
]