[
  {
    "id": "a635b401-09be-4eb3-8bb1-997573d08081",
    "data": [
      {
        "text": "미세먼지 좋아?",
        "userDefined": false
      }
    ],
    "isTemplate": false,
    "count": 0,
    "lang": "ko",
    "updated": 0
  },
  {
    "id": "6eef6ac6-e5d2-44e0-8602-2b72de314c6c",
    "data": [
      {
        "text": "미세먼지는 괜찮아?",
        "userDefined": false
      }
    ],
    "isTemplate": false,
    "count": 0,
    "lang": "ko",
    "updated": 0
  },
  {
    "id": "256868f6-79bb-4da6-91c1-dfe186db28bc",
    "data": [
      {
        "text": "미세먼지 나빠?",
        "userDefined": false
      }
    ],
    "isTemplate": false,
    "count": 0,
    "lang": "ko",
    "updated": 0
  },
  {
    "id": "baf3e767-8bd4-4422-aaab-4545fc9ff847",
    "data": [
      {
        "text": "초미세먼지는?",
        "userDefined": false
      }
    ],
    "isTemplate": false,
    "count": 0,
    "lang": "ko",
    "updated": 0
  },
  {
    "id": "0e70fb1f-afcc-407d-b4d8-3f6881119479",
    "data": [
      {
        "text": "미세먼지 농도 알려줘",
        "userDefined": false
      }
    ],
    "isTemplate": false,
    "count": 0,
    "lang": "ko",
    "updated": 0
  },
  {
    "id": "77285c23-daef-45d9-ba92-4387edbdd387",
    "data": [
      {
        "text": "미세먼지 농도 어때?",
        "userDefined": false
      }
    ],
    "isTemplate": false,
    "count": 0,
    "lang": "ko",
    "updated": 0
  },
  {
    "id": "418bbdba-d279-4118-b60a-44609eba90c8",
    "data": [
      {
        "text": "미세먼지 농도는?",
        "userDefined": false
      }
    ],
    "isTemplate": false,
    "count": 0,
    "lang": "ko",
    "updated": 0
  },
  {
    "id": "2e7fc043-a119-4716-b1b0-fccb230960d9",
    "data": [
      {
        "text": "미세먼지 알려줘",
        "userDefined": false
      }
    ],
    "isTemplate": false,
    "count": 0,
    "lang": "ko",
    "updated": 0
  },
  {
    "id": "fa04089e-6416-4abf-8f5c-6a3e8a15ef63",
    "data": [
      {
        "text": "미세먼지는 어때?",
        "userDefined": false
      }
    ],
    "isTemplate": false,
    "count": 0,
    "lang": "ko",
    "updated": 0
  },
  {
    "id": "158ad18c-a2f2-416d-a6a8-a022015c6613",
    "data": [
      {
        "text": "미세먼지",
        "userDefined": false
      }
    ],
    "isTemplate": false,
    "count": 0,
    "lang": "ko",
    "updated": 0
  },
  {
    "id": "bd3af05b-90a1-4509-ad88-036cd1d3c6ac",
    "data": [
      {
        "text": "황사는?",
        "userDefined": false
      }
    ],
    "isTemplate": false,
    "count": 0,
    "lang": "ko",
    "updated": 0
  },
  {
    "id": "ae4a25aa-efd5-45bc-8507-129dace76ac7",
    "data": [
      {
        "text": "공기",
        "userDefined": false
      },
      {
        "text": "는 어때?",
        "userDefined": false
      }
    ],
    "isTemplate": false,
    "count": 0,
    "lang": "ko",
    "updated": 0
  },
  {
    "id": "fc6a19bb-7d6a-4011-b2c3-2b3d33f60fbb",
    "data": [
      {
        "text": "미세먼지는?",
        "userDefined": false
      }
    ],
    "isTemplate": false,
    "count": 1,
    "lang": "ko",
    "updated": 0
  }
]