[
  {
    "id": "100d789b-6578-4409-ba5e-51c9ec122554",
    "data": [
      {
        "text": "오늘",
        "userDefined": false
      },
      {
        "text": " 날씨 흐려?",
        "userDefined": false
      }
    ],
    "isTemplate": false,
    "count": 0,
    "lang": "ko",
    "updated": 0
  },
  {
    "id": "ae59cd8f-252e-4550-981f-75cda10b8747",
    "data": [
      {
        "text": "오늘",
        "userDefined": false
      },
      {
        "text": " 날씨는 어때?",
        "userDefined": false
      }
    ],
    "isTemplate": false,
    "count": 0,
    "lang": "ko",
    "updated": 0
  },
  {
    "id": "b62782aa-98a0-4537-9b2f-391609a7bce5",
    "data": [
      {
        "text": "오늘",
        "userDefined": false
      },
      {
        "text": " 날씨 말해줘",
        "userDefined": false
      }
    ],
    "isTemplate": false,
    "count": 0,
    "lang": "ko",
    "updated": 0
  },
  {
    "id": "de6d622b-7226-49bb-8483-3ec5e997dc55",
    "data": [
      {
        "text": "오늘",
        "userDefined": false
      },
      {
        "text": " 날씨 맑아?",
        "userDefined": false
      }
    ],
    "isTemplate": false,
    "count": 0,
    "lang": "ko",
    "updated": 0
  },
  {
    "id": "0a269cdd-040b-46f7-86b1-cdf601e8502d",
    "data": [
      {
        "text": "오늘",
        "userDefined": false
      },
      {
        "text": " 날씨 좋아?",
        "userDefined": false
      }
    ],
    "isTemplate": false,
    "count": 0,
    "lang": "ko",
    "updated": 0
  },
  {
    "id": "d03eb867-db92-475a-987a-6e6b63114e7e",
    "data": [
      {
        "text": "오늘",
        "userDefined": false
      },
      {
        "text": " 날씨 어때?",
        "userDefined": false
      }
    ],
    "isTemplate": false,
    "count": 0,
    "lang": "ko",
    "updated": 0
  },
  {
    "id": "fd58d83d-0841-4658-9707-ff0e344270e5",
    "data": [
      {
        "text": "오늘도?",
        "userDefined": false
      }
    ],
    "isTemplate": false,
    "count": 0,
    "lang": "ko",
    "updated": 0
  },
  {
    "id": "39a73f6c-a916-4433-94e4-a63126508de4",
    "data": [
      {
        "text": "오늘",
        "userDefined": false
      },
      {
        "text": "의 날씨",
        "userDefined": false
      }
    ],
    "isTemplate": false,
    "count": 0,
    "lang": "ko",
    "updated": 0
  },
  {
    "id": "0a8509f2-522a-44f2-9e0d-a15fcd458906",
    "data": [
      {
        "text": "오늘",
        "userDefined": false
      },
      {
        "text": " 날씨 알려줘",
        "userDefined": false
      }
    ],
    "isTemplate": false,
    "count": 0,
    "lang": "ko",
    "updated": 0
  },
  {
    "id": "3a0e67b5-05e4-4bde-9464-f746486aee82",
    "data": [
      {
        "text": "오늘",
        "userDefined": false
      },
      {
        "text": " 날씨",
        "userDefined": false
      }
    ],
    "isTemplate": false,
    "count": 0,
    "lang": "ko",
    "updated": 0
  },
  {
    "id": "10aff3ac-8e03-4085-965b-2f63e3d14160",
    "data": [
      {
        "text": "오늘",
        "userDefined": false
      },
      {
        "text": "은",
        "userDefined": false
      },
      {
        "text": "?",
        "userDefined": false
      }
    ],
    "isTemplate": false,
    "count": 0,
    "lang": "ko",
    "updated": 0
  },
  {
    "id": "494606c7-bca9-4e98-b4e1-feaccbd771d4",
    "data": [
      {
        "text": "오늘",
        "userDefined": false
      },
      {
        "text": " 날씨는?",
        "userDefined": false
      }
    ],
    "isTemplate": false,
    "count": 0,
    "lang": "ko",
    "updated": 0
  }
]