[
  {
    "id": "444d2467-752e-4298-b369-d5c8b85450b7",
    "data": [
      {
        "text": "내일",
        "userDefined": false
      },
      {
        "text": " 날씨",
        "userDefined": false
      }
    ],
    "isTemplate": false,
    "count": 0,
    "lang": "ko",
    "updated": 0
  },
  {
    "id": "06aeee1a-c192-4342-b781-aa0ea0d4c529",
    "data": [
      {
        "text": "내일",
        "userDefined": false
      },
      {
        "text": "도",
        "userDefined": false
      },
      {
        "text": " 알려줘",
        "userDefined": false
      }
    ],
    "isTemplate": false,
    "count": 0,
    "lang": "ko",
    "updated": 0
  },
  {
    "id": "4c75bc62-f22f-4210-88ec-8099c6ac4cdf",
    "data": [
      {
        "text": "내일",
        "userDefined": false
      },
      {
        "text": " 날씨는 어때?",
        "userDefined": false
      }
    ],
    "isTemplate": false,
    "count": 0,
    "lang": "ko",
    "updated": 0
  },
  {
    "id": "0afb83ab-7892-49da-834a-1714fda1af98",
    "data": [
      {
        "text": "내일은",
        "userDefined": false
      },
      {
        "text": " 어때?",
        "userDefined": false
      }
    ],
    "isTemplate": false,
    "count": 0,
    "lang": "ko",
    "updated": 0
  },
  {
    "id": "e2f44c18-2c47-4fb9-a0a2-882c779b1201",
    "data": [
      {
        "text": "내일",
        "userDefined": false
      },
      {
        "text": " 날씨 알려줘",
        "userDefined": false
      }
    ],
    "isTemplate": false,
    "count": 0,
    "lang": "ko",
    "updated": 0
  },
  {
    "id": "3cbecaf3-a0e6-490e-b847-a554cc9fa17d",
    "data": [
      {
        "text": "내일",
        "userDefined": false
      },
      {
        "text": " ",
        "userDefined": false
      },
      {
        "text": "비",
        "userDefined": false
      },
      {
        "text": "와?",
        "userDefined": false
      }
    ],
    "isTemplate": false,
    "count": 0,
    "lang": "ko",
    "updated": 0
  },
  {
    "id": "2afe1aed-5151-4219-afc0-cd0fdde31ce7",
    "data": [
      {
        "text": "내일",
        "userDefined": false
      },
      {
        "text": " 몇도야?",
        "userDefined": false
      }
    ],
    "isTemplate": false,
    "count": 0,
    "lang": "ko",
    "updated": 0
  },
  {
    "id": "9fab8763-1dd3-4d4d-a0ed-ef4e2447d7c6",
    "data": [
      {
        "text": "내일",
        "userDefined": false
      },
      {
        "text": " 추워?",
        "userDefined": false
      }
    ],
    "isTemplate": false,
    "count": 0,
    "lang": "ko",
    "updated": 0
  },
  {
    "id": "332c3e93-d261-49d1-ba5d-8444353dbb5b",
    "data": [
      {
        "text": "내일",
        "userDefined": false
      },
      {
        "text": " 더워?",
        "userDefined": false
      }
    ],
    "isTemplate": false,
    "count": 0,
    "lang": "ko",
    "updated": 0
  },
  {
    "id": "b93e6b4e-8261-4d57-8843-c0833e4571a2",
    "data": [
      {
        "text": "내일",
        "userDefined": false
      },
      {
        "text": " 날씨는?",
        "userDefined": false
      }
    ],
    "isTemplate": false,
    "count": 0,
    "lang": "ko",
    "updated": 0
  },
  {
    "id": "cb8b7ab0-a96c-439c-976f-307a3b9438bb",
    "data": [
      {
        "text": "내일은",
        "userDefined": false
      },
      {
        "text": "?",
        "userDefined": false
      }
    ],
    "isTemplate": false,
    "count": 0,
    "lang": "ko",
    "updated": 0
  }
]