[
  {
    "id": "74ac433d-6e3e-4a61-adca-e1f4fc8eb44c",
    "data": [
      {
        "text": "내일은",
        "userDefined": false
      },
      {
        "text": " 어때?",
        "userDefined": false
      }
    ],
    "isTemplate": false,
    "count": 0,
    "lang": "ko",
    "updated": 0
  },
  {
    "id": "cc5e6354-981c-43f2-928e-3a34e9e49194",
    "data": [
      {
        "text": "내일",
        "userDefined": false
      },
      {
        "text": " 미세먼지는 어때?",
        "userDefined": false
      }
    ],
    "isTemplate": false,
    "count": 0,
    "lang": "ko",
    "updated": 0
  },
  {
    "id": "e6e3faa9-f500-4c69-a9bc-cf37dcf53891",
    "data": [
      {
        "text": "내일",
        "userDefined": false
      },
      {
        "text": " 미세먼지 농도 알려줘",
        "userDefined": false
      }
    ],
    "isTemplate": false,
    "count": 0,
    "lang": "ko",
    "updated": 0
  },
  {
    "id": "a82347b8-7425-4f13-9515-cfc2f30d36de",
    "data": [
      {
        "text": "내일",
        "userDefined": false
      },
      {
        "text": " 미세먼지 농도는?",
        "userDefined": false
      }
    ],
    "isTemplate": false,
    "count": 0,
    "lang": "ko",
    "updated": 0
  },
  {
    "id": "0f5d9354-9f9d-4753-b9b0-d4a79f28925d",
    "data": [
      {
        "text": "내일",
        "userDefined": false
      },
      {
        "text": " 미세먼지는?",
        "userDefined": false
      }
    ],
    "isTemplate": false,
    "count": 0,
    "lang": "ko",
    "updated": 0
  },
  {
    "id": "6a3ca540-920d-4751-80b4-bc633ae47ac7",
    "data": [
      {
        "text": "내일",
        "userDefined": false
      },
      {
        "text": "도",
        "userDefined": false
      },
      {
        "text": "?",
        "userDefined": false
      }
    ],
    "isTemplate": false,
    "count": 0,
    "lang": "ko",
    "updated": 0
  },
  {
    "id": "2da27037-3b2f-48fd-91e0-e746375b48d8",
    "data": [
      {
        "text": "내일은",
        "userDefined": false
      },
      {
        "text": "?",
        "userDefined": false
      }
    ],
    "isTemplate": false,
    "count": 0,
    "lang": "ko",
    "updated": 0
  }
]