[
  {
    "id": "f9c1ef12-60ef-461e-a57f-339791c54bfc",
    "data": [
      {
        "text": "날씨",
        "userDefined": false
      },
      {
        "text": "도",
        "userDefined": false
      }
    ],
    "isTemplate": false,
    "count": 0,
    "lang": "ko",
    "updated": 0
  },
  {
    "id": "225f1313-23a5-4f7d-815d-b44db68d2bc5",
    "data": [
      {
        "text": "날씨",
        "userDefined": false
      },
      {
        "text": "도",
        "userDefined": false
      },
      {
        "text": " 알려줘",
        "userDefined": false
      }
    ],
    "isTemplate": false,
    "count": 0,
    "lang": "ko",
    "updated": 0
  },
  {
    "id": "7518871a-fec6-4780-a9f2-968e6d34315d",
    "data": [
      {
        "text": "날씨",
        "userDefined": false
      }
    ],
    "isTemplate": false,
    "count": 0,
    "lang": "ko",
    "updated": 0
  },
  {
    "id": "7a4b5880-3c9e-4882-8401-e10c87c81c61",
    "data": [
      {
        "text": "날씨좀 알려줘",
        "userDefined": false
      }
    ],
    "isTemplate": false,
    "count": 0,
    "lang": "ko",
    "updated": 0
  },
  {
    "id": "07741295-3683-40dc-a5ea-83126311c008",
    "data": [
      {
        "text": "날",
        "userDefined": false
      },
      {
        "text": "은",
        "userDefined": false
      },
      {
        "text": " 좋아?",
        "userDefined": false
      }
    ],
    "isTemplate": false,
    "count": 0,
    "lang": "ko",
    "updated": 0
  },
  {
    "id": "e1bdbaae-a032-4c6d-8d04-8c53bed8be28",
    "data": [
      {
        "text": "날씨는 좋아?",
        "userDefined": false
      }
    ],
    "isTemplate": false,
    "count": 0,
    "lang": "ko",
    "updated": 0
  },
  {
    "id": "1fd807d2-fa92-423d-9981-f0a2e7313fc7",
    "data": [
      {
        "text": "날씨 알려줘",
        "userDefined": false
      }
    ],
    "isTemplate": false,
    "count": 0,
    "lang": "ko",
    "updated": 0
  },
  {
    "id": "4d9d335c-d967-46ab-9656-da428f9aa2b8",
    "data": [
      {
        "text": "날",
        "userDefined": false
      },
      {
        "text": "은",
        "userDefined": false
      },
      {
        "text": " 어때?",
        "userDefined": false
      }
    ],
    "isTemplate": false,
    "count": 0,
    "lang": "ko",
    "updated": 0
  },
  {
    "id": "7ec3a8a9-9159-443d-9467-6e90e058a406",
    "data": [
      {
        "text": "날씨는 어때?",
        "userDefined": false
      }
    ],
    "isTemplate": false,
    "count": 0,
    "lang": "ko",
    "updated": 0
  },
  {
    "id": "79e8c6c8-4812-4ea8-a6f6-14601b055026",
    "data": [
      {
        "text": "날씨는?",
        "userDefined": false
      }
    ],
    "isTemplate": false,
    "count": 0,
    "lang": "ko",
    "updated": 0
  }
]