[
  {
    "id": "e81d03aa-3ba3-439b-9556-cc1e09d231ba",
    "data": [
      {
        "text": "무슨 옷",
        "userDefined": false
      },
      {
        "text": " 입을까?",
        "userDefined": false
      }
    ],
    "isTemplate": false,
    "count": 0,
    "lang": "ko",
    "updated": 0
  },
  {
    "id": "06291df1-eccd-4c96-b7da-6a0dbdba028f",
    "data": [
      {
        "text": "옷",
        "userDefined": false
      },
      {
        "text": " ",
        "userDefined": false
      },
      {
        "text": "추천",
        "userDefined": false
      },
      {
        "text": "해줘",
        "userDefined": false
      }
    ],
    "isTemplate": false,
    "count": 0,
    "lang": "ko",
    "updated": 0
  },
  {
    "id": "d9fc6c6d-586f-4676-96ab-b0841b4c4fcd",
    "data": [
      {
        "text": "옷",
        "userDefined": false
      },
      {
        "text": " ",
        "userDefined": false
      },
      {
        "text": "추천",
        "userDefined": false
      }
    ],
    "isTemplate": false,
    "count": 0,
    "lang": "ko",
    "updated": 0
  },
  {
    "id": "3d2c1816-de2c-4094-b80e-efac357d22d9",
    "data": [
      {
        "text": "뭐입어?",
        "userDefined": false
      }
    ],
    "isTemplate": false,
    "count": 0,
    "lang": "ko",
    "updated": 0
  },
  {
    "id": "0b6f423c-cd5a-4ea7-8df9-d4a170cc39d3",
    "data": [
      {
        "text": "옷",
        "userDefined": false
      },
      {
        "text": "은",
        "userDefined": false
      },
      {
        "text": " 뭐입어?",
        "userDefined": false
      }
    ],
    "isTemplate": false,
    "count": 0,
    "lang": "ko",
    "updated": 0
  },
  {
    "id": "7a0a76f0-c694-4758-bce0-f2059bc5ff5e",
    "data": [
      {
        "text": "체감",
        "userDefined": false
      },
      {
        "text": "온도",
        "userDefined": false
      },
      {
        "text": " 어때?",
        "userDefined": false
      }
    ],
    "isTemplate": false,
    "count": 0,
    "lang": "ko",
    "updated": 0
  },
  {
    "id": "47c0cbdb-742f-430c-a2fe-97488ab81424",
    "data": [
      {
        "text": "옷",
        "userDefined": false
      },
      {
        "text": "은",
        "userDefined": false
      },
      {
        "text": "?",
        "userDefined": false
      }
    ],
    "isTemplate": false,
    "count": 0,
    "lang": "ko",
    "updated": 0
  },
  {
    "id": "8da35ce9-0602-41bd-9fae-fb2b0e7a2f74",
    "data": [
      {
        "text": "옷",
        "userDefined": false
      },
      {
        "text": "은",
        "userDefined": false
      },
      {
        "text": " 뭐입을까",
        "userDefined": false
      }
    ],
    "isTemplate": false,
    "count": 0,
    "lang": "ko",
    "updated": 0
  },
  {
    "id": "78089f31-7266-40d4-9ce1-7cc2ae778f2d",
    "data": [
      {
        "text": "옷차림 ",
        "userDefined": false
      },
      {
        "text": "정보",
        "userDefined": false
      }
    ],
    "isTemplate": false,
    "count": 0,
    "lang": "ko",
    "updated": 0
  },
  {
    "id": "176f3010-da41-45a9-87ff-31c55375ee67",
    "data": [
      {
        "text": "체감",
        "userDefined": false
      },
      {
        "text": "온도",
        "userDefined": false
      },
      {
        "text": "는?",
        "userDefined": false
      }
    ],
    "isTemplate": false,
    "count": 0,
    "lang": "ko",
    "updated": 0
  },
  {
    "id": "a78f3014-47a5-4a3d-a233-abe6cd599c41",
    "data": [
      {
        "text": "옷차림",
        "userDefined": false
      },
      {
        "text": "은",
        "userDefined": false
      },
      {
        "text": "?",
        "userDefined": false
      }
    ],
    "isTemplate": false,
    "count": 1,
    "lang": "ko",
    "updated": 0
  }
]