[
  {
    "id": "4dd249d3-d1af-446b-8712-b48969b03a85",
    "data": [
      {
        "text": "기온",
        "userDefined": false
      },
      {
        "text": "은",
        "userDefined": false
      },
      {
        "text": " 어때?",
        "userDefined": false
      }
    ],
    "isTemplate": false,
    "count": 0,
    "lang": "ko",
    "updated": 0
  },
  {
    "id": "c3d06cf7-b085-482d-a640-4e94294eeb63",
    "data": [
      {
        "text": "온도",
        "userDefined": false
      },
      {
        "text": "는?",
        "userDefined": false
      }
    ],
    "isTemplate": false,
    "count": 0,
    "lang": "ko",
    "updated": 0
  },
  {
    "id": "054ea99c-6880-4d6a-b2a5-3331af8c3ce8",
    "data": [
      {
        "text": "춥니?",
        "userDefined": false
      }
    ],
    "isTemplate": false,
    "count": 0,
    "lang": "ko",
    "updated": 0
  },
  {
    "id": "74655116-cbbc-4eef-bdd1-065cb17a95d2",
    "data": [
      {
        "text": "덥니?",
        "userDefined": false
      }
    ],
    "isTemplate": false,
    "count": 0,
    "lang": "ko",
    "updated": 0
  },
  {
    "id": "fda9c0cd-6961-4694-85b7-6203c0cbeac4",
    "data": [
      {
        "text": "기온알려줘",
        "userDefined": false
      }
    ],
    "isTemplate": false,
    "count": 0,
    "lang": "ko",
    "updated": 0
  },
  {
    "id": "50af4a92-75d3-4c26-b7d4-e8fc6c1c5a55",
    "data": [
      {
        "text": "기온",
        "userDefined": false
      }
    ],
    "isTemplate": false,
    "count": 0,
    "lang": "ko",
    "updated": 0
  },
  {
    "id": "9cefe940-052f-4661-80b6-8bb153fec8d3",
    "data": [
      {
        "text": "추워",
        "userDefined": false
      },
      {
        "text": "?",
        "userDefined": false
      }
    ],
    "isTemplate": false,
    "count": 0,
    "lang": "ko",
    "updated": 0
  },
  {
    "id": "9cd5dbc7-91b4-4177-993e-820339b9ae7c",
    "data": [
      {
        "text": "더워",
        "userDefined": false
      },
      {
        "text": "?",
        "userDefined": false
      }
    ],
    "isTemplate": false,
    "count": 0,
    "lang": "ko",
    "updated": 0
  },
  {
    "id": "d6834235-908d-4350-8d08-837a33d1f1fd",
    "data": [
      {
        "text": "기온",
        "userDefined": false
      },
      {
        "text": "은",
        "userDefined": false
      },
      {
        "text": "?",
        "userDefined": false
      }
    ],
    "isTemplate": false,
    "count": 0,
    "lang": "ko",
    "updated": 0
  }
]