[
  {
    "id": "95d0b907-48dc-4317-ad53-eef610c6587a",
    "data": [
      {
        "text": "비오나",
        "userDefined": false
      },
      {
        "text": "?",
        "userDefined": false
      }
    ],
    "isTemplate": false,
    "count": 0,
    "lang": "ko",
    "updated": 0
  },
  {
    "id": "27124153-b44c-478a-9f6b-34f3de2a8be3",
    "data": [
      {
        "text": "우산",
        "userDefined": false
      },
      {
        "text": " 챙겨야해?",
        "userDefined": false
      }
    ],
    "isTemplate": false,
    "count": 0,
    "lang": "ko",
    "updated": 0
  },
  {
    "id": "2d279f78-091c-44a0-b781-8b3f6a75b6b1",
    "data": [
      {
        "text": "비",
        "userDefined": false
      },
      {
        "text": " ",
        "userDefined": false
      },
      {
        "text": "온대",
        "userDefined": false
      },
      {
        "text": "?",
        "userDefined": false
      }
    ],
    "isTemplate": false,
    "count": 0,
    "lang": "ko",
    "updated": 0
  },
  {
    "id": "fad0eadd-e2ae-4c1d-a895-ce992260a3ad",
    "data": [
      {
        "text": "비",
        "userDefined": false
      },
      {
        "text": "올까?",
        "userDefined": false
      }
    ],
    "isTemplate": false,
    "count": 0,
    "lang": "ko",
    "updated": 0
  },
  {
    "id": "f6643ea3-e596-45fe-a666-c9fc7a28a7c7",
    "data": [
      {
        "text": "눈",
        "userDefined": false
      },
      {
        "text": "은",
        "userDefined": false
      },
      {
        "text": "?",
        "userDefined": false
      }
    ],
    "isTemplate": false,
    "count": 0,
    "lang": "ko",
    "updated": 0
  },
  {
    "id": "8a3caa9b-dfc6-4eb8-814a-b2d71dffec37",
    "data": [
      {
        "text": "눈와",
        "userDefined": false
      },
      {
        "text": "?",
        "userDefined": false
      }
    ],
    "isTemplate": false,
    "count": 0,
    "lang": "ko",
    "updated": 0
  },
  {
    "id": "860be11a-6ea4-42d1-8a17-49132e591fa8",
    "data": [
      {
        "text": "우산",
        "userDefined": false
      },
      {
        "text": "챙길까?",
        "userDefined": false
      }
    ],
    "isTemplate": false,
    "count": 0,
    "lang": "ko",
    "updated": 0
  },
  {
    "id": "86cab34d-ce9a-413f-84d4-19e8a3493024",
    "data": [
      {
        "text": "비와",
        "userDefined": false
      },
      {
        "text": "?",
        "userDefined": false
      }
    ],
    "isTemplate": false,
    "count": 0,
    "lang": "ko",
    "updated": 0
  },
  {
    "id": "909bf018-bcd3-4bbf-8c28-faa7848c36f0",
    "data": [
      {
        "text": "비",
        "userDefined": false
      },
      {
        "text": "는?",
        "userDefined": false
      }
    ],
    "isTemplate": false,
    "count": 0,
    "lang": "ko",
    "updated": 0
  }
]