[
  {
    "id": "43459d9e-f2b8-4a84-b704-89e4c30be0dd",
    "data": [
      {
        "text": "내일",
        "userDefined": false
      },
      {
        "text": " 날씨 말해줘",
        "userDefined": false
      }
    ],
    "isTemplate": false,
    "count": 0,
    "lang": "ko",
    "updated": 0
  },
  {
    "id": "7c20958f-9fc2-411b-adb8-0e0ee4146169",
    "data": [
      {
        "text": "내일",
        "userDefined": false
      },
      {
        "text": " 날씨는 어때?",
        "userDefined": false
      }
    ],
    "isTemplate": false,
    "count": 0,
    "lang": "ko",
    "updated": 0
  },
  {
    "id": "b505a66e-4879-4c50-a23d-09b5edf1b393",
    "data": [
      {
        "text": "내일",
        "userDefined": false
      },
      {
        "text": " 날씨는 맑아?",
        "userDefined": false
      }
    ],
    "isTemplate": false,
    "count": 0,
    "lang": "ko",
    "updated": 0
  },
  {
    "id": "b8414175-822b-494f-9968-14c9dfcaa595",
    "data": [
      {
        "text": "내일",
        "userDefined": false
      },
      {
        "text": " 날씨 알려줘",
        "userDefined": false
      }
    ],
    "isTemplate": false,
    "count": 0,
    "lang": "ko",
    "updated": 0
  },
  {
    "id": "7906897d-23aa-4826-91f3-f58928195cb8",
    "data": [
      {
        "text": "내일",
        "userDefined": false
      },
      {
        "text": " 날",
        "userDefined": false
      },
      {
        "text": "은",
        "userDefined": false
      },
      {
        "text": " 어때",
        "userDefined": false
      }
    ],
    "isTemplate": false,
    "count": 0,
    "lang": "ko",
    "updated": 0
  },
  {
    "id": "b34649c7-e14f-4069-aa04-4eedb3518dbe",
    "data": [
      {
        "text": "내일",
        "userDefined": false
      },
      {
        "text": " 날",
        "userDefined": false
      },
      {
        "text": "은",
        "userDefined": false
      },
      {
        "text": " 좋아?",
        "userDefined": false
      }
    ],
    "isTemplate": false,
    "count": 0,
    "lang": "ko",
    "updated": 0
  },
  {
    "id": "6c0f4018-b8b4-428d-a11e-cd37f2c330eb",
    "data": [
      {
        "text": "내일",
        "userDefined": false
      },
      {
        "text": " 날씬?",
        "userDefined": false
      }
    ],
    "isTemplate": false,
    "count": 0,
    "lang": "ko",
    "updated": 0
  },
  {
    "id": "145b1c10-c989-4957-b7f8-f4a425b5ea01",
    "data": [
      {
        "text": "내일",
        "userDefined": false
      },
      {
        "text": " 날씨 좋아?",
        "userDefined": false
      }
    ],
    "isTemplate": false,
    "count": 1,
    "lang": "ko",
    "updated": 0
  },
  {
    "id": "cc044a0e-ddd6-4a8f-8e11-7b1680483737",
    "data": [
      {
        "text": "내일",
        "userDefined": false
      },
      {
        "text": "날씨는?",
        "userDefined": false
      }
    ],
    "isTemplate": false,
    "count": 0,
    "lang": "ko",
    "updated": 0
  },
  {
    "id": "00ad0812-0800-48d1-9188-95f660dc4354",
    "data": [
      {
        "text": "내일",
        "userDefined": false
      },
      {
        "text": " 날씨 어때?",
        "userDefined": false
      }
    ],
    "isTemplate": false,
    "count": 0,
    "lang": "ko",
    "updated": 0
  },
  {
    "id": "3a1a7e71-5471-49c8-a7bd-341725f78c9e",
    "data": [
      {
        "text": "내일",
        "userDefined": false
      },
      {
        "text": " 날씨",
        "userDefined": false
      }
    ],
    "isTemplate": false,
    "count": 0,
    "lang": "ko",
    "updated": 0
  }
]