[
  {
    "id": "b35a5079-3ae8-4b95-845f-968be6ab3ed9",
    "data": [
      {
        "text": "기온",
        "userDefined": false
      },
      {
        "text": "은",
        "userDefined": false
      },
      {
        "text": " 어때?",
        "userDefined": false
      }
    ],
    "isTemplate": false,
    "count": 0,
    "lang": "ko",
    "updated": 0
  },
  {
    "id": "736e00e3-95cd-4271-8bdd-601c74a4785f",
    "data": [
      {
        "text": "온도",
        "userDefined": false
      },
      {
        "text": "는 어때?",
        "userDefined": false
      }
    ],
    "isTemplate": false,
    "count": 0,
    "lang": "ko",
    "updated": 0
  },
  {
    "id": "c48da12a-f093-4501-ba32-86a2f47a2987",
    "data": [
      {
        "text": "온도",
        "userDefined": false
      },
      {
        "text": " 말해줘",
        "userDefined": false
      }
    ],
    "isTemplate": false,
    "count": 0,
    "lang": "ko",
    "updated": 0
  },
  {
    "id": "e7bbabd5-db59-4606-9e7c-666ac391334b",
    "data": [
      {
        "text": "기온 말해줘",
        "userDefined": false
      }
    ],
    "isTemplate": false,
    "count": 0,
    "lang": "ko",
    "updated": 0
  },
  {
    "id": "fdb8e9d2-5db8-4de0-8097-073388d56b30",
    "data": [
      {
        "text": "기온",
        "userDefined": false
      }
    ],
    "isTemplate": false,
    "count": 0,
    "lang": "ko",
    "updated": 0
  },
  {
    "id": "43a839c4-5801-42fa-b99f-2407883133fa",
    "data": [
      {
        "text": "온도",
        "userDefined": false
      }
    ],
    "isTemplate": false,
    "count": 0,
    "lang": "ko",
    "updated": 0
  },
  {
    "id": "29b78994-2bb6-441f-97c2-69352c998a79",
    "data": [
      {
        "text": "온도",
        "userDefined": false
      },
      {
        "text": "는?",
        "userDefined": false
      }
    ],
    "isTemplate": false,
    "count": 0,
    "lang": "ko",
    "updated": 0
  },
  {
    "id": "364e265f-9f8a-4588-a80b-fef379a2c09a",
    "data": [
      {
        "text": "온도",
        "userDefined": false
      },
      {
        "text": " 알려줘",
        "userDefined": false
      }
    ],
    "isTemplate": false,
    "count": 0,
    "lang": "ko",
    "updated": 0
  },
  {
    "id": "97847977-f423-4eb4-897a-8e4cd57afa88",
    "data": [
      {
        "text": "기온 알려줘",
        "userDefined": false
      }
    ],
    "isTemplate": false,
    "count": 0,
    "lang": "ko",
    "updated": 0
  },
  {
    "id": "6158c781-15b7-4ff4-b482-ff7f9ef6c5f5",
    "data": [
      {
        "text": "몇도야?",
        "userDefined": false
      }
    ],
    "isTemplate": false,
    "count": 0,
    "lang": "ko",
    "updated": 0
  },
  {
    "id": "d5115724-8a27-42a8-86ca-016b12dbcaa1",
    "data": [
      {
        "text": "추워",
        "userDefined": false
      },
      {
        "text": "?",
        "userDefined": false
      }
    ],
    "isTemplate": false,
    "count": 0,
    "lang": "ko",
    "updated": 0
  },
  {
    "id": "b20b2925-67b7-4d39-830c-428cdd178a12",
    "data": [
      {
        "text": "더워",
        "userDefined": false
      },
      {
        "text": "?",
        "userDefined": false
      }
    ],
    "isTemplate": false,
    "count": 0,
    "lang": "ko",
    "updated": 0
  },
  {
    "id": "d2f048d0-ba3e-4387-86fe-e869b69a6acf",
    "data": [
      {
        "text": "기온",
        "userDefined": false
      },
      {
        "text": "은",
        "userDefined": false
      },
      {
        "text": "?",
        "userDefined": false
      }
    ],
    "isTemplate": false,
    "count": 0,
    "lang": "ko",
    "updated": 0
  }
]