[
  {
    "id": "9386c859-4d3e-4af7-bfcd-ca5c4d2e7e33",
    "data": [
      {
        "text": "날씨",
        "userDefined": false
      },
      {
        "text": "도",
        "userDefined": false
      }
    ],
    "isTemplate": false,
    "count": 0,
    "lang": "ko",
    "updated": 0
  },
  {
    "id": "b9154e1c-3254-4b75-84d0-b4e7c2fbb987",
    "data": [
      {
        "text": "날씨 말해줘",
        "userDefined": false
      }
    ],
    "isTemplate": false,
    "count": 0,
    "lang": "ko",
    "updated": 0
  },
  {
    "id": "99e99527-3b8b-45b5-8195-c7ac10f4e3bf",
    "data": [
      {
        "text": "날씨는 맑아?",
        "userDefined": false
      }
    ],
    "isTemplate": false,
    "count": 0,
    "lang": "ko",
    "updated": 0
  },
  {
    "id": "76982276-1943-4ce9-94ba-8e728fdc7820",
    "data": [
      {
        "text": "날씨",
        "userDefined": false
      }
    ],
    "isTemplate": false,
    "count": 0,
    "lang": "ko",
    "updated": 0
  },
  {
    "id": "2edc3ea4-d7c8-443f-906e-d90a3ecd1b60",
    "data": [
      {
        "text": "날씨 알려줘",
        "userDefined": false
      }
    ],
    "isTemplate": false,
    "count": 0,
    "lang": "ko",
    "updated": 0
  },
  {
    "id": "8019ab7a-ed66-425f-92c7-f6fe379d8517",
    "data": [
      {
        "text": "날",
        "userDefined": false
      },
      {
        "text": "은",
        "userDefined": false
      },
      {
        "text": " 좋아?",
        "userDefined": false
      }
    ],
    "isTemplate": false,
    "count": 0,
    "lang": "ko",
    "updated": 0
  },
  {
    "id": "c15b946b-f8ca-4cbb-abd4-e67fdc6d2e98",
    "data": [
      {
        "text": "날",
        "userDefined": false
      },
      {
        "text": "은",
        "userDefined": false
      },
      {
        "text": " 어때?",
        "userDefined": false
      }
    ],
    "isTemplate": false,
    "count": 0,
    "lang": "ko",
    "updated": 0
  },
  {
    "id": "300a82ff-1a72-47b9-8e24-a962bcbdc58e",
    "data": [
      {
        "text": "날씨는 좋아?",
        "userDefined": false
      }
    ],
    "isTemplate": false,
    "count": 0,
    "lang": "ko",
    "updated": 0
  },
  {
    "id": "1ae461fa-64ad-41cf-a17f-6c20aafaa75a",
    "data": [
      {
        "text": "날씨 어때?",
        "userDefined": false
      }
    ],
    "isTemplate": false,
    "count": 0,
    "lang": "ko",
    "updated": 0
  },
  {
    "id": "07525967-e7ab-430c-a0e7-d7922bc27f1d",
    "data": [
      {
        "text": "날씨는?",
        "userDefined": false
      }
    ],
    "isTemplate": false,
    "count": 0,
    "lang": "ko",
    "updated": 0
  },
  {
    "id": "16b4c9aa-27c3-42db-ac6e-2c50cf3f8ad2",
    "data": [
      {
        "text": "날씨는 어때?",
        "userDefined": false
      }
    ],
    "isTemplate": false,
    "count": 0,
    "lang": "ko",
    "updated": 0
  },
  {
    "id": "5011a70d-375c-44e4-9afe-e8818e84ff67",
    "data": [
      {
        "text": "날씨는",
        "userDefined": false
      }
    ],
    "isTemplate": false,
    "count": 0,
    "lang": "ko",
    "updated": 0
  }
]