[
  {
    "id": "33c1b5a4-8578-4a89-9644-bd2b724c6237",
    "data": [
      {
        "text": "공기",
        "userDefined": false
      },
      {
        "text": " 알려줘",
        "userDefined": false
      }
    ],
    "isTemplate": false,
    "count": 0,
    "lang": "ko",
    "updated": 0
  },
  {
    "id": "20a51af1-2566-4431-b593-2d1e73ae38ca",
    "data": [
      {
        "text": "미세먼지 농도 알려줘",
        "userDefined": false
      }
    ],
    "isTemplate": false,
    "count": 0,
    "lang": "ko",
    "updated": 0
  },
  {
    "id": "127570cd-4435-4202-8e48-c01ebadecf83",
    "data": [
      {
        "text": "미세먼지 농도는 어때?",
        "userDefined": false
      }
    ],
    "isTemplate": false,
    "count": 0,
    "lang": "ko",
    "updated": 0
  },
  {
    "id": "8f34b359-8d4e-49be-82c3-a6b8ddb156bb",
    "data": [
      {
        "text": "미세먼지 농도는?",
        "userDefined": false
      }
    ],
    "isTemplate": false,
    "count": 0,
    "lang": "ko",
    "updated": 0
  },
  {
    "id": "9dfb21c7-85dc-460b-b32e-44014027d3cf",
    "data": [
      {
        "text": "공기",
        "userDefined": false
      },
      {
        "text": "는?",
        "userDefined": false
      }
    ],
    "isTemplate": false,
    "count": 0,
    "lang": "ko",
    "updated": 0
  },
  {
    "id": "3661d3a7-f0b7-447d-8922-6107e9c61250",
    "data": [
      {
        "text": "공기",
        "userDefined": false
      },
      {
        "text": " 어때?",
        "userDefined": false
      }
    ],
    "isTemplate": false,
    "count": 0,
    "lang": "ko",
    "updated": 0
  },
  {
    "id": "9dec1f3c-4b03-4cac-8201-4cb8cf99d243",
    "data": [
      {
        "text": "미세먼지 좀 알려줘",
        "userDefined": false
      }
    ],
    "isTemplate": false,
    "count": 0,
    "lang": "ko",
    "updated": 0
  },
  {
    "id": "c1ef04c2-92c7-4630-86b2-18b27c18601c",
    "data": [
      {
        "text": "미세먼지 알려줘",
        "userDefined": false
      }
    ],
    "isTemplate": false,
    "count": 0,
    "lang": "ko",
    "updated": 0
  },
  {
    "id": "6d96d21c-3ed9-4b60-af29-c6bdbb7a62ea",
    "data": [
      {
        "text": "미세먼지 어때",
        "userDefined": false
      }
    ],
    "isTemplate": false,
    "count": 0,
    "lang": "ko",
    "updated": 0
  },
  {
    "id": "b4dfedd5-045b-44a8-ac1b-8cb61124a9c0",
    "data": [
      {
        "text": "미세먼지 심해?",
        "userDefined": false
      }
    ],
    "isTemplate": false,
    "count": 0,
    "lang": "ko",
    "updated": 0
  },
  {
    "id": "277aadc1-d435-47cb-ba21-31ae39a01a8f",
    "data": [
      {
        "text": "미세먼지는 좋아?",
        "userDefined": false
      }
    ],
    "isTemplate": false,
    "count": 0,
    "lang": "ko",
    "updated": 0
  },
  {
    "id": "9f9adf6a-4159-4c25-a395-722dd8491e85",
    "data": [
      {
        "text": "미세먼지",
        "userDefined": false
      }
    ],
    "isTemplate": false,
    "count": 0,
    "lang": "ko",
    "updated": 0
  },
  {
    "id": "26d7c6cd-3317-49a9-ab29-1ae3357d78fb",
    "data": [
      {
        "text": "미세먼지는 어때?",
        "userDefined": false
      }
    ],
    "isTemplate": false,
    "count": 0,
    "lang": "ko",
    "updated": 0
  },
  {
    "id": "a1239e78-5105-421a-a3eb-58c1c2a38e22",
    "data": [
      {
        "text": "미세먼지는 어떄?",
        "userDefined": false
      }
    ],
    "isTemplate": false,
    "count": 0,
    "lang": "ko",
    "updated": 0
  },
  {
    "id": "e24223a1-811e-4bbb-8985-c44a812bded5",
    "data": [
      {
        "text": "미세먼지는?",
        "userDefined": false
      }
    ],
    "isTemplate": false,
    "count": 0,
    "lang": "ko",
    "updated": 0
  }
]