[
  {
    "id": "d51b66f5-4e77-49d5-94b5-29dbc26ddfbd",
    "data": [
      {
        "text": "우산",
        "userDefined": false
      }
    ],
    "isTemplate": false,
    "count": 0,
    "lang": "ko",
    "updated": 0
  },
  {
    "id": "12535291-ea0d-4b3d-be71-b2c20a28e6e4",
    "data": [
      {
        "text": "우산",
        "userDefined": false
      },
      {
        "text": " 필요해?",
        "userDefined": false
      }
    ],
    "isTemplate": false,
    "count": 0,
    "lang": "ko",
    "updated": 0
  },
  {
    "id": "5b1644ba-c29e-4c2f-9a2d-5c8dba960c37",
    "data": [
      {
        "text": "장화 신",
        "userDefined": false
      },
      {
        "text": "을까?",
        "userDefined": false
      }
    ],
    "isTemplate": false,
    "count": 0,
    "lang": "ko",
    "updated": 0
  },
  {
    "id": "db2c25d1-08b1-41b6-803e-83bf738be250",
    "data": [
      {
        "text": "우비",
        "userDefined": false
      },
      {
        "text": " 입을까?",
        "userDefined": false
      }
    ],
    "isTemplate": false,
    "count": 0,
    "lang": "ko",
    "updated": 0
  },
  {
    "id": "f9c22f3e-4a6e-4a2c-9c64-bd9545708477",
    "data": [
      {
        "text": "우산",
        "userDefined": false
      },
      {
        "text": " 챙겨야 돼?",
        "userDefined": false
      }
    ],
    "isTemplate": false,
    "count": 0,
    "lang": "ko",
    "updated": 0
  },
  {
    "id": "1fbeca84-704a-483b-a594-56e90003aca7",
    "data": [
      {
        "text": "우산",
        "userDefined": false
      },
      {
        "text": "은",
        "userDefined": false
      },
      {
        "text": "?",
        "userDefined": false
      }
    ],
    "isTemplate": false,
    "count": 0,
    "lang": "ko",
    "updated": 0
  },
  {
    "id": "65725c41-1789-46f1-8b9b-b1d3f417db1b",
    "data": [
      {
        "text": "눈와",
        "userDefined": false
      },
      {
        "text": "?",
        "userDefined": false
      }
    ],
    "isTemplate": false,
    "count": 0,
    "lang": "ko",
    "updated": 0
  },
  {
    "id": "52d11c88-3ca8-4f5f-a464-89f01fcbe5fe",
    "data": [
      {
        "text": "비와",
        "userDefined": false
      },
      {
        "text": "?",
        "userDefined": false
      }
    ],
    "isTemplate": false,
    "count": 0,
    "lang": "ko",
    "updated": 0
  },
  {
    "id": "ee85b8fd-57a7-476e-9265-cf45e67b3f48",
    "data": [
      {
        "text": "눈",
        "userDefined": false
      },
      {
        "text": "은",
        "userDefined": false
      },
      {
        "text": "?",
        "userDefined": false
      }
    ],
    "isTemplate": false,
    "count": 0,
    "lang": "ko",
    "updated": 0
  },
  {
    "id": "61a6b5da-a0ea-4815-9d6b-a4116c0bd85a",
    "data": [
      {
        "text": "우산",
        "userDefined": false
      },
      {
        "text": " 챙겨야",
        "userDefined": false
      },
      {
        "text": "되",
        "userDefined": false
      },
      {
        "text": "?",
        "userDefined": false
      }
    ],
    "isTemplate": false,
    "count": 0,
    "lang": "ko",
    "updated": 0
  },
  {
    "id": "af76c9f2-44e9-4ab6-96ef-1bdef89a3014",
    "data": [
      {
        "text": "우산",
        "userDefined": false
      },
      {
        "text": " 챙길까?",
        "userDefined": false
      }
    ],
    "isTemplate": false,
    "count": 0,
    "lang": "ko",
    "updated": 0
  },
  {
    "id": "5cc21f7d-5e27-4b1a-85a7-ca3a0ca7a92d",
    "data": [
      {
        "text": "비",
        "userDefined": false
      },
      {
        "text": "는?",
        "userDefined": false
      }
    ],
    "isTemplate": false,
    "count": 0,
    "lang": "ko",
    "updated": 0
  }
]