[
  {
    "id": "46e894a1-9757-4e5e-a13e-a11ba1a52578",
    "data": [
      {
        "text": "미세먼지 농도 어때?",
        "userDefined": false
      }
    ],
    "isTemplate": false,
    "count": 0,
    "lang": "ko",
    "updated": 0
  },
  {
    "id": "8850d9a1-c25a-46cb-a203-df39a59b983e",
    "data": [
      {
        "text": "공기",
        "userDefined": false
      },
      {
        "text": "는?",
        "userDefined": false
      }
    ],
    "isTemplate": false,
    "count": 0,
    "lang": "ko",
    "updated": 0
  },
  {
    "id": "1f245108-32dc-42d1-a021-ccbdafe4d0ee",
    "data": [
      {
        "text": "미세먼지 농도 알려줘",
        "userDefined": false
      }
    ],
    "isTemplate": false,
    "count": 0,
    "lang": "ko",
    "updated": 0
  },
  {
    "id": "db510913-6ca5-4cfd-8747-73b93f8189b5",
    "data": [
      {
        "text": "미세먼지 알려줘",
        "userDefined": false
      }
    ],
    "isTemplate": false,
    "count": 0,
    "lang": "ko",
    "updated": 0
  },
  {
    "id": "e4ceac3f-e730-4267-9e22-caf5ae7ca999",
    "data": [
      {
        "text": "미세먼지 어때?",
        "userDefined": false
      }
    ],
    "isTemplate": false,
    "count": 0,
    "lang": "ko",
    "updated": 0
  },
  {
    "id": "e139a83d-86aa-4b14-9d25-8e3c1cb312e9",
    "data": [
      {
        "text": "미세먼지는 어때?",
        "userDefined": false
      }
    ],
    "isTemplate": false,
    "count": 0,
    "lang": "ko",
    "updated": 0
  },
  {
    "id": "cf4f0c38-a8d3-47b7-ae39-7c78c0aa9583",
    "data": [
      {
        "text": "미세먼진 어때?",
        "userDefined": false
      }
    ],
    "isTemplate": false,
    "count": 0,
    "lang": "ko",
    "updated": 0
  },
  {
    "id": "92d37da0-56af-407f-b3db-22f6e9d39d9c",
    "data": [
      {
        "text": "공기",
        "userDefined": false
      },
      {
        "text": "는 어때?",
        "userDefined": false
      }
    ],
    "isTemplate": false,
    "count": 0,
    "lang": "ko",
    "updated": 0
  },
  {
    "id": "65f3a88d-b991-47fa-92e5-2df5ed4eb51c",
    "data": [
      {
        "text": "미세먼지 농도는?",
        "userDefined": false
      }
    ],
    "isTemplate": false,
    "count": 0,
    "lang": "ko",
    "updated": 0
  },
  {
    "id": "26d86b10-d8ed-499c-8854-4d533ad9e87c",
    "data": [
      {
        "text": "황사는?",
        "userDefined": false
      }
    ],
    "isTemplate": false,
    "count": 0,
    "lang": "ko",
    "updated": 0
  },
  {
    "id": "6f437002-09aa-4e1e-aa85-98d49ff863be",
    "data": [
      {
        "text": "먼지는?",
        "userDefined": false
      }
    ],
    "isTemplate": false,
    "count": 0,
    "lang": "ko",
    "updated": 0
  },
  {
    "id": "1b5951ba-8972-4d7c-a998-ad4a9a1e2328",
    "data": [
      {
        "text": "공기",
        "userDefined": false
      },
      {
        "text": " 질",
        "userDefined": false
      },
      {
        "text": "은",
        "userDefined": false
      },
      {
        "text": "?",
        "userDefined": false
      }
    ],
    "isTemplate": false,
    "count": 0,
    "lang": "ko",
    "updated": 0
  },
  {
    "id": "82a3390e-4b1f-4c85-9071-83fcf27b0efa",
    "data": [
      {
        "text": "미세먼지는?",
        "userDefined": false
      }
    ],
    "isTemplate": false,
    "count": 0,
    "lang": "ko",
    "updated": 0
  }
]