[
  {
    "id": "9bfede90-8ca3-490c-a7b3-6af9c19b2712",
    "data": [
      {
        "text": "모레",
        "userDefined": false
      },
      {
        "text": " 미세먼지 농도",
        "userDefined": false
      }
    ],
    "isTemplate": false,
    "count": 0,
    "lang": "ko",
    "updated": 0
  },
  {
    "id": "404917db-c07e-4a65-843e-0f6c26be249c",
    "data": [
      {
        "text": "모레",
        "userDefined": false
      },
      {
        "text": " 미세먼지 농도 어때?",
        "userDefined": false
      }
    ],
    "isTemplate": false,
    "count": 0,
    "lang": "ko",
    "updated": 0
  },
  {
    "id": "4a0372c3-9cc2-4513-bb7c-6a4e3b7044ad",
    "data": [
      {
        "text": "모레",
        "userDefined": false
      },
      {
        "text": " 황사 심해?",
        "userDefined": false
      }
    ],
    "isTemplate": false,
    "count": 0,
    "lang": "ko",
    "updated": 0
  },
  {
    "id": "017c5704-34e3-4d86-98a2-5faf5e609515",
    "data": [
      {
        "text": "모레",
        "userDefined": false
      },
      {
        "text": " 황사 어때?",
        "userDefined": false
      }
    ],
    "isTemplate": false,
    "count": 0,
    "lang": "ko",
    "updated": 0
  },
  {
    "id": "21a4ae46-91cc-41a9-9f0d-74c094b7bc37",
    "data": [
      {
        "text": "모레",
        "userDefined": false
      },
      {
        "text": " 황사",
        "userDefined": false
      }
    ],
    "isTemplate": false,
    "count": 0,
    "lang": "ko",
    "updated": 0
  },
  {
    "id": "d38b8794-787a-4147-803b-70d45a968fc8",
    "data": [
      {
        "text": "모레 미세먼진",
        "userDefined": false
      },
      {
        "text": "?",
        "userDefined": false
      }
    ],
    "isTemplate": false,
    "count": 0,
    "lang": "ko",
    "updated": 0
  },
  {
    "id": "5c91f795-08e1-4238-8ac9-8683aa662d2d",
    "data": [
      {
        "text": "모레",
        "userDefined": false
      },
      {
        "text": " 미세먼지 심해?",
        "userDefined": false
      }
    ],
    "isTemplate": false,
    "count": 0,
    "lang": "ko",
    "updated": 0
  },
  {
    "id": "b9e08281-c1e7-4fff-bf12-48e2d9e803d6",
    "data": [
      {
        "text": "모레",
        "userDefined": false
      },
      {
        "text": " 미세먼지 안좋아?",
        "userDefined": false
      }
    ],
    "isTemplate": false,
    "count": 0,
    "lang": "ko",
    "updated": 0
  },
  {
    "id": "fc5c8985-1342-497f-af5c-8c9e31d96f64",
    "data": [
      {
        "text": "모레",
        "userDefined": false
      },
      {
        "text": " 미세먼지 알려줘",
        "userDefined": false
      }
    ],
    "isTemplate": false,
    "count": 0,
    "lang": "ko",
    "updated": 0
  },
  {
    "id": "6c014426-32c7-4aec-99b7-b2074c51dfa7",
    "data": [
      {
        "text": "모레",
        "userDefined": false
      },
      {
        "text": " 미세먼지 어때?",
        "userDefined": false
      }
    ],
    "isTemplate": false,
    "count": 0,
    "lang": "ko",
    "updated": 0
  },
  {
    "id": "91fa726f-9d82-4914-b61b-573337ea0288",
    "data": [
      {
        "text": "모레",
        "userDefined": false
      },
      {
        "text": " 미세먼지는?",
        "userDefined": false
      }
    ],
    "isTemplate": false,
    "count": 0,
    "lang": "ko",
    "updated": 0
  },
  {
    "id": "0929f01b-6a8b-4696-a1e7-fb61459d1976",
    "data": [
      {
        "text": "모레",
        "userDefined": false
      },
      {
        "text": " 미세먼지",
        "userDefined": false
      }
    ],
    "isTemplate": false,
    "count": 0,
    "lang": "ko",
    "updated": 0
  }
]