[
  {
    "id": "804c569c-ac49-4fde-8d81-684d2203b5fd",
    "data": [
      {
        "text": "날씨 말해줘",
        "userDefined": false
      }
    ],
    "isTemplate": false,
    "count": 0,
    "lang": "ko",
    "updated": 0
  },
  {
    "id": "fc35801a-04b4-4c8e-8ee8-d0f95519f5ef",
    "data": [
      {
        "text": "날씨 흐려?",
        "userDefined": false
      }
    ],
    "isTemplate": false,
    "count": 0,
    "lang": "ko",
    "updated": 0
  },
  {
    "id": "a3c9f863-0cca-4c2a-a46a-051f4cb55bdd",
    "data": [
      {
        "text": "날씨 맑아?",
        "userDefined": false
      }
    ],
    "isTemplate": false,
    "count": 0,
    "lang": "ko",
    "updated": 0
  },
  {
    "id": "ed0f49bc-d30b-428f-9888-eddabd00df38",
    "data": [
      {
        "text": "날씨 알려줘",
        "userDefined": false
      }
    ],
    "isTemplate": false,
    "count": 0,
    "lang": "ko",
    "updated": 0
  },
  {
    "id": "3eb0f2f5-9cbd-4cec-bf95-a729e0f863ce",
    "data": [
      {
        "text": "날씨",
        "userDefined": false
      }
    ],
    "isTemplate": false,
    "count": 0,
    "lang": "ko",
    "updated": 0
  },
  {
    "id": "41ecd56f-73b0-4de5-93c5-4b52d4973474",
    "data": [
      {
        "text": "날씨 말해봐",
        "userDefined": false
      }
    ],
    "isTemplate": false,
    "count": 1,
    "lang": "ko",
    "updated": 0
  },
  {
    "id": "c645cb0b-1690-462e-9964-5fba0438245b",
    "data": [
      {
        "text": "날씨",
        "userDefined": false
      },
      {
        "text": "도",
        "userDefined": false
      },
      {
        "text": " 알려줘",
        "userDefined": false
      }
    ],
    "isTemplate": false,
    "count": 0,
    "lang": "ko",
    "updated": 0
  },
  {
    "id": "8de4439b-74da-4af6-a88b-27cd894cd876",
    "data": [
      {
        "text": "날씨",
        "userDefined": false
      },
      {
        "text": "도",
        "userDefined": false
      }
    ],
    "isTemplate": false,
    "count": 0,
    "lang": "ko",
    "updated": 0
  },
  {
    "id": "87b66649-ce38-4458-9e47-d9d16b8191c8",
    "data": [
      {
        "text": "날씨 좋아?",
        "userDefined": false
      }
    ],
    "isTemplate": false,
    "count": 0,
    "lang": "ko",
    "updated": 0
  },
  {
    "id": "78dc3a69-a764-4b1f-b498-874deaa90496",
    "data": [
      {
        "text": "날",
        "userDefined": false
      },
      {
        "text": "은",
        "userDefined": false
      },
      {
        "text": " 어때?",
        "userDefined": false
      }
    ],
    "isTemplate": false,
    "count": 0,
    "lang": "ko",
    "updated": 0
  },
  {
    "id": "3a1eb6ac-e3cb-48e2-a289-50f1258f2720",
    "data": [
      {
        "text": "날씨는?",
        "userDefined": false
      }
    ],
    "isTemplate": false,
    "count": 0,
    "lang": "ko",
    "updated": 0
  },
  {
    "id": "200e5e5c-7e1d-4c6d-838a-6d1b349d6642",
    "data": [
      {
        "text": "날씨는 어때?",
        "userDefined": false
      }
    ],
    "isTemplate": false,
    "count": 0,
    "lang": "ko",
    "updated": 0
  }
]